{"cameraMode":{"drawMode":0,"name":"Shaded","section":"Shading Mode"},"sceneLighting":true,"audioPlay":false,"sceneViewState":{"showFog":true,"showMaterialUpdate":false,"showSkybox":true,"showFlares":true,"showImageEffects":true,"showParticleSystems":true},"in2DMode":false,"pivot":{"x":15.053156852722168,"y":-1.555566668510437,"z":5.689973831176758},"rotation":{"x":0.0243632011115551,"y":-0.9024741649627686,"z":0.05149676278233528,"w":0.4269615709781647},"size":40.761287689208987,"orthographic":true}